familia,articulo,fecha_venta,festivo,precio,cantidad,importe,orden_articulo_familia
PANADERIA,968,2021-05-01,,2.1630001068115234,450.0,973.3500022888184,1
PANADERIA,968,2021-05-02,Día de la Madre,2.1630001068115234,318.0,687.8339891433716,1
PANADERIA,968,2021-05-03,Día de la Cruz,2.1630001068115234,255.0,551.5649943351746,1
PANADERIA,968,2021-05-04,,2.1630001068115234,264.0,571.031994342804,1
PANADERIA,968,2021-05-05,,2.1630001068115234,282.0,609.9659872055054,1
PANADERIA,968,2021-05-06,,2.1630001068115234,270.0,584.0099983215332,1
PANADERIA,968,2021-05-07,,2.1630001068115234,249.0,538.5869908332825,1
PANADERIA,968,2021-05-08,,2.1630001068115234,162.0,350.40599298477173,1
PANADERIA,968,2021-05-09,,2.1630001068115234,366.0,791.6579828262329,1
PANADERIA,968,2021-05-10,,2.1630001068115234,294.0,635.9219870567322,1
PANADERIA,968,2021-05-11,,2.1630001068115234,243.0,525.6089911460876,1
PANADERIA,968,2021-05-12,,2.1630001068115234,159.0,343.9169912338257,1
PANADERIA,968,2021-05-13,,2.1630001068115234,216.0,467.20798921585083,1
PANADERIA,968,2021-05-14,,2.1630001068115234,255.0,551.5649929046631,1
PANADERIA,968,2021-05-15,,2.1630001068115234,234.0,506.1419892311096,1
PANADERIA,968,2021-05-16,,2.1630001068115234,405.0,876.0149993896484,1
PANADERIA,968,2021-05-17,,2.1630001068115234,219.0,473.69698905944824,1
PANADERIA,968,2021-05-18,,2.1630001068115234,237.0,512.63099193573,1
PANADERIA,968,2021-05-19,,2.1630001068115234,222.0,480.1859908103943,1
PANADERIA,968,2021-05-20,,2.1630001068115234,231.0,499.65299129486084,1
PANADERIA,968,2021-05-21,,2.1630001068115234,198.0,428.27399158477783,1
PANADERIA,968,2021-05-22,,2.1630001068115234,243.0,525.6089897155762,1
PANADERIA,968,2021-05-23,,2.1630001068115234,333.0,720.2789874076843,1
PANADERIA,968,2021-05-24,,2.1630001068115234,285.0,616.4549946784973,1
PANADERIA,968,2021-05-25,,2.1630001068115234,189.0,408.80699396133423,1
PANADERIA,968,2021-05-26,,2.1630001068115234,255.0,551.5649909973145,1
PANADERIA,968,2021-05-27,,2.1630001068115234,183.0,395.8289942741394,1
PANADERIA,968,2021-05-28,,2.1630001068115234,213.0,460.7189965248108,1
PANADERIA,968,2021-05-29,,2.1630001068115234,177.0,382.85099363327026,1
PANADERIA,968,2021-05-30,,2.1630001068115234,384.0,830.5919899940491,1
PANADERIA,968,2021-05-31,,2.1630001068115234,228.0,493.1639881134033,1
PANADERIA,968,2021-06-01,,2.1630001068115234,192.0,415.2959990501404,1
PANADERIA,968,2021-06-02,,2.1630001068115234,243.0,525.6089944839478,1
PANADERIA,968,2021-06-03,,2.1630001068115234,246.0,532.0979881286621,1
PANADERIA,968,2021-06-04,,2.1630001068115234,225.0,486.6749897003174,1
PANADERIA,968,2021-06-05,,2.1630001068115234,210.0,454.2299962043762,1
PANADERIA,968,2021-06-06,,2.1630001068115234,366.0,791.6579828262329,1
PANADERIA,968,2021-06-07,,2.1630001068115234,354.0,765.7019929885864,1
PANADERIA,968,2021-06-08,,2.1630001068115234,273.0,590.4989862442017,1
PANADERIA,968,2021-06-09,,2.1630001068115234,222.0,480.18599033355713,1
PANADERIA,968,2021-06-10,,2.1630001068115234,219.0,473.6969909667969,1
PANADERIA,968,2021-06-11,,2.1630001068115234,231.0,499.6529965400696,1
PANADERIA,968,2021-06-12,,2.1630001068115234,270.0,584.0099854469299,1
PANADERIA,968,2021-06-13,,2.1630001068115234,375.0,811.1249961853027,1
PANADERIA,968,2021-06-14,,2.1630001068115234,183.0,395.8289985656738,1
PANADERIA,968,2021-06-15,,2.1630001068115234,252.0,545.0759878158569,1
PANADERIA,968,2021-06-16,,2.1630001068115234,228.0,493.1639919281006,1
PANADERIA,968,2021-06-17,,2.1630001068115234,231.0,499.65298891067505,1
PANADERIA,968,2021-06-18,,2.1630001068115234,261.0,564.5429935455322,1
PANADERIA,968,2021-06-19,,2.1630001068115234,225.0,486.67499113082886,1
PANADERIA,968,2021-06-20,,2.1630001068115234,501.0,1083.6629905700684,1
PANADERIA,968,2021-06-21,,2.1630001068115234,285.0,616.4549932479858,1
PANADERIA,968,2021-06-22,,2.1630001068115234,270.0,584.009991645813,1
PANADERIA,968,2021-06-23,,2.1630001068115234,264.0,571.0319848060608,1
PANADERIA,968,2021-06-24,Día de San Juan,2.1630001068115234,237.0,512.63099193573,1
PANADERIA,968,2021-06-25,,2.1630001068115234,261.0,564.5429968833923,1
PANADERIA,968,2021-06-26,,2.1630001068115234,207.0,447.74099349975586,1
PANADERIA,968,2021-06-27,,2.1630001068115234,438.0,947.3940005302429,1
PANADERIA,968,2021-06-28,,2.1630001068115234,201.0,434.76298809051514,1
PANADERIA,968,2021-06-29,,2.1630001068115234,234.0,506.14198875427246,1
PANADERIA,968,2021-06-30,,2.1630001068115234,255.0,551.5649881362915,1
PANADERIA,968,2021-07-01,,2.1630001068115234,225.0,486.67499446868896,1
PANADERIA,968,2021-07-02,,2.1630001068115234,207.0,447.74099016189575,1
PANADERIA,968,2021-07-03,,2.1630001068115234,258.0,558.0539903640747,1
PANADERIA,968,2021-07-04,,2.1630001068115234,390.0,843.5699992179871,1
PANADERIA,968,2021-07-05,,2.1630001068115234,234.0,506.1419906616211,1
PANADERIA,968,2021-07-06,,2.1630001068115234,213.0,460.71899032592773,1
PANADERIA,968,2021-07-07,,2.1630001068115234,168.0,363.3839931488037,1
PANADERIA,968,2021-07-08,,2.1630001068115234,225.0,486.67499113082886,1
PANADERIA,968,2021-07-09,,2.1630001068115234,246.0,532.0979933738708,1
PANADERIA,968,2021-07-10,,2.1630001068115234,237.0,512.6309876441956,1
PANADERIA,968,2021-07-11,,2.170502968606232,519.0,1126.490979194641,1
PANADERIA,968,2021-07-12,,2.1630001068115234,243.0,525.6089844703674,1
PANADERIA,968,2021-07-13,,2.1630001068115234,261.0,564.5429930686951,1
PANADERIA,968,2021-07-14,,2.1630001068115234,210.0,454.2299942970276,1
PANADERIA,968,2021-07-15,,2.1630001068115234,228.0,493.1639919281006,1
PANADERIA,968,2021-07-16,Día de la Virgen del Carmen,2.1630001068115234,222.0,480.18599796295166,1
PANADERIA,968,2021-07-17,,2.1630001068115234,246.0,532.0979905128479,1
PANADERIA,968,2021-07-18,,2.1630001068115234,534.0,1155.0419898033142,1
PANADERIA,968,2021-07-19,,2.1630001068115234,195.0,421.7849931716919,1
PANADERIA,968,2021-07-20,,2.1630001068115234,264.0,571.0319895744324,1
PANADERIA,968,2021-07-21,,2.1630001068115234,246.0,532.0979833602905,1
PANADERIA,968,2021-07-22,,2.1630001068115234,237.0,512.631000995636,1
PANADERIA,968,2021-07-23,,2.1630001068115234,243.0,525.6089963912964,1
PANADERIA,968,2021-07-24,,2.1630001068115234,345.0,746.23499584198,1
PANADERIA,968,2021-07-25,,2.1630001068115234,399.0,863.0370030403137,1
PANADERIA,968,2021-07-26,,2.1630001068115234,237.0,512.6309943199158,1
PANADERIA,968,2021-07-27,,2.1630001068115234,264.0,571.0319881439209,1
PANADERIA,968,2021-07-28,,2.1630001068115234,234.0,506.1419916152954,1
PANADERIA,968,2021-07-29,,2.1630001068115234,240.0,519.1199913024902,1
PANADERIA,968,2021-07-30,,2.1630001068115234,180.0,389.33999586105347,1
PANADERIA,968,2021-07-31,,2.1630001068115234,243.0,525.6089949607849,1
PANADERIA,968,2021-08-01,,2.1630001068115234,372.0,804.6359944343567,1
PANADERIA,968,2021-08-02,,2.1630001068115234,249.0,538.5869855880737,1
PANADERIA,968,2021-08-03,,2.1630001068115234,150.0,324.44999408721924,1
PANADERIA,968,2021-08-04,,2.1630001068115234,291.0,629.432991027832,1
PANADERIA,968,2021-08-05,,2.1630001068115234,261.0,564.5429968833923,1
PANADERIA,968,2021-08-06,,2.1630001068115234,234.0,506.1419868469238,1
PANADERIA,968,2021-08-07,,2.1630001068115234,264.0,571.0319848060608,1
PANADERIA,968,2021-08-08,,2.1630001068115234,291.0,629.4329853057861,1
PANADERIA,968,2021-08-09,,2.1630001068115234,234.0,506.1419906616211,1
PANADERIA,968,2021-08-10,,2.1630001068115234,270.0,584.0099973678589,1
PANADERIA,968,2021-08-11,,2.1630001068115234,243.0,525.6089916229248,1
PANADERIA,968,2021-08-12,,2.1630001068115234,255.0,551.5649967193604,1
PANADERIA,968,2021-08-13,,2.1630001068115234,195.0,421.7849955558777,1
PANADERIA,968,2021-08-14,,2.1630001068115234,225.0,486.67500162124634,1
PANADERIA,968,2021-08-15,,2.1630001068115234,294.0,635.9219903945923,1
PANADERIA,968,2021-08-16,,2.1630001068115234,279.0,603.4769949913025,1
PANADERIA,968,2021-08-17,,2.1630001068115234,285.0,616.454993724823,1
PANADERIA,968,2021-08-18,,2.1630001068115234,297.0,642.4109902381897,1
PANADERIA,968,2021-08-19,Día de la Victoria,2.1630001068115234,330.0,713.7899994850159,1
PANADERIA,968,2021-08-20,,2.1630001068115234,186.0,402.31799697875977,1
PANADERIA,968,2021-08-21,,2.1630001068115234,174.0,376.36199378967285,1
PANADERIA,968,2021-08-22,,2.1630001068115234,378.0,817.6139974594116,1
PANADERIA,968,2021-08-23,,2.1630001068115234,240.0,519.1199903488159,1
PANADERIA,968,2021-08-24,,2.1630001068115234,180.0,389.33999156951904,1
PANADERIA,968,2021-08-25,,2.1630001068115234,261.0,564.5429925918579,1
PANADERIA,968,2021-08-26,,2.1630001068115234,189.0,408.8069896697998,1
PANADERIA,968,2021-08-27,,2.1630001068115234,195.0,421.7849931716919,1
PANADERIA,968,2021-08-28,,2.1630001068115234,258.0,558.0539970397949,1
PANADERIA,968,2021-08-29,,2.1630001068115234,402.0,869.5259914398193,1
PANADERIA,968,2021-08-30,,2.1630001068115234,222.0,480.1859917640686,1
PANADERIA,968,2021-08-31,,2.1630001068115234,141.0,304.98299503326416,1
PANADERIA,968,2021-09-01,,2.1630001068115234,210.0,454.22999382019043,1
PANADERIA,968,2021-09-02,,2.1630001068115234,252.0,545.0759859085083,1
PANADERIA,968,2021-09-03,,2.1630001068115234,231.0,499.6529927253723,1
PANADERIA,968,2021-09-04,,2.1630001068115234,246.0,532.0979933738708,1
PANADERIA,968,2021-09-05,,2.1630001068115234,240.0,519.1200017929077,1
PANADERIA,968,2021-09-06,,2.308000087738037,255.0,588.5399856567383,1
PANADERIA,968,2021-09-07,,2.308000087738037,240.0,553.9199905395508,1
PANADERIA,968,2021-09-08,Fiesta de la Virgen de la Victoria,2.308000087738037,306.0,706.247989654541,1
PANADERIA,968,2021-09-09,,2.308000087738037,219.0,505.4519920349121,1
PANADERIA,968,2021-09-10,,2.308000087738037,219.0,505.4519920349121,1
PANADERIA,968,2021-09-11,,2.308000087738037,195.0,450.0599899291992,1
PANADERIA,968,2021-09-12,,2.308000087738037,234.0,540.0719947814941,1
PANADERIA,968,2021-09-13,,2.308000087738037,225.0,519.299991607666,1
PANADERIA,968,2021-09-14,,2.308000087738037,222.0,512.3759918212891,1
PANADERIA,968,2021-09-15,,2.308000087738037,213.0,491.6039924621582,1
PANADERIA,968,2021-09-16,,2.308000087738037,258.0,595.4639892578125,1
PANADERIA,968,2021-09-17,,2.308000087738037,243.0,560.8439903259277,1
PANADERIA,968,2021-09-18,,2.308000087738037,225.0,519.3000030517578,1
PANADERIA,968,2021-09-19,,2.308000087738037,336.0,775.4879951477051,1
PANADERIA,968,2021-09-20,,2.308000087738037,303.0,699.3239936828613,1
PANADERIA,968,2021-09-21,,2.308000087738037,252.0,581.6159858703613,1
PANADERIA,968,2021-09-22,,2.308000087738037,219.0,505.4519920349121,1
PANADERIA,968,2021-09-23,,2.308000087738037,243.0,560.8439865112305,1
PANADERIA,968,2021-09-24,,2.308000087738037,279.0,643.9319953918457,1
PANADERIA,968,2021-09-25,,2.308000087738037,189.0,436.2119903564453,1
PANADERIA,968,2021-09-26,,2.308000087738037,336.0,775.4879989624023,1
PANADERIA,968,2021-09-27,,2.308000087738037,255.0,588.5399856567383,1
PANADERIA,968,2021-09-28,,2.308000087738037,273.0,630.0839881896973,1
PANADERIA,968,2021-09-29,,2.308000087738037,276.0,637.0079879760742,1
PANADERIA,968,2021-09-30,,2.308000087738037,297.0,685.4759902954102,1
PANADERIA,968,2021-10-01,,2.308000087738037,261.0,602.3879852294922,1
PANADERIA,968,2021-10-02,,2.308000087738037,243.0,560.8439865112305,1
PANADERIA,968,2021-10-03,,2.308000087738037,384.0,886.2719955444336,1
PANADERIA,968,2021-10-04,,2.308000087738037,288.0,664.7039909362793,1
PANADERIA,968,2021-10-05,,2.308000087738037,237.0,546.9959983825684,1
PANADERIA,968,2021-10-06,,2.308000087738037,291.0,671.627986907959,1
PANADERIA,968,2021-10-07,,2.308000087738037,264.0,609.3119888305664,1
PANADERIA,968,2021-10-08,,2.308000087738037,198.0,456.98399353027344,1
PANADERIA,968,2021-10-09,,2.308000087738037,195.0,450.0599937438965,1
PANADERIA,968,2021-10-10,,2.308000087738037,453.0,1045.5240058898926,1
PANADERIA,968,2021-10-11,,2.308000087738037,198.0,456.9839897155762,1
PANADERIA,968,2021-10-12,Día de la Hispanidad (Fiesta Nacional de España),2.308000087738037,330.0,761.6399955749512,1
PANADERIA,968,2021-10-13,,2.308000087738037,270.0,623.159984588623,1
PANADERIA,968,2021-10-14,,2.308000087738037,231.0,533.1479911804199,1
PANADERIA,968,2021-10-15,,2.308000087738037,231.0,533.1479911804199,1
PANADERIA,968,2021-10-16,,2.308000087738037,225.0,519.2999877929688,1
PANADERIA,968,2021-10-17,,2.308000087738037,411.0,948.5879898071289,1
PANADERIA,968,2021-10-18,,2.308000087738037,249.0,574.6919898986816,1
PANADERIA,968,2021-10-19,,2.308000087738037,246.0,567.7679901123047,1
PANADERIA,968,2021-10-20,,2.308000087738037,267.0,616.2359924316406,1
PANADERIA,968,2021-10-21,,2.308000087738037,225.0,519.299991607666,1
PANADERIA,968,2021-10-22,,2.308000087738037,234.0,540.0719909667969,1
PANADERIA,968,2021-10-23,,2.308000087738037,156.0,360.04798889160156,1
PANADERIA,968,2021-10-24,,2.308000087738037,438.0,1010.9039840698242,1
PANADERIA,968,2021-10-25,,2.308000087738037,303.0,699.3239860534668,1
PANADERIA,968,2021-10-26,,2.308000087738037,273.0,630.0839881896973,1
PANADERIA,968,2021-10-27,,2.308000087738037,249.0,574.6919898986816,1
PANADERIA,968,2021-10-28,,2.308000087738037,270.0,623.1599922180176,1
PANADERIA,968,2021-10-29,,2.308000087738037,255.0,588.539981842041,1
PANADERIA,968,2021-10-30,,2.308000087738037,207.0,477.75598907470703,1
PANADERIA,968,2021-10-31,Noche de Halloween,2.308000087738037,366.0,844.7280006408691,1
PANADERIA,968,2021-11-01,Día de Todos los Santos,2.308000087738037,315.0,727.0199890136719,1
PANADERIA,968,2021-11-02,,2.308000087738037,306.0,706.2479934692383,1
PANADERIA,968,2021-11-03,,2.308000087738037,252.0,581.6159896850586,1
PANADERIA,968,2021-11-04,,2.308000087738037,255.0,588.5399932861328,1
PANADERIA,968,2021-11-05,,2.308000087738037,270.0,623.1599884033203,1
PANADERIA,968,2021-11-06,,2.308000087738037,267.0,616.2359809875488,1
PANADERIA,968,2021-11-07,,2.308000087738037,444.0,1024.7520027160645,1
PANADERIA,968,2021-11-08,,2.308000087738037,282.0,650.8559875488281,1
PANADERIA,968,2021-11-09,,2.308000087738037,306.0,706.247989654541,1
PANADERIA,968,2021-11-10,,2.308000087738037,234.0,540.0719909667969,1
PANADERIA,968,2021-11-11,,2.308000087738037,300.0,692.3999900817871,1
PANADERIA,968,2021-11-12,,2.308000087738037,249.0,574.6919937133789,1
PANADERIA,968,2021-11-13,,2.308000087738037,222.0,512.3759918212891,1
PANADERIA,968,2021-11-14,,2.308000087738037,444.0,1024.7519912719727,1
PANADERIA,968,2021-11-15,,2.308000087738037,261.0,602.3879814147949,1
PANADERIA,968,2021-11-16,,2.308000087738037,259.6860008239746,599.355281829834,1
PANADERIA,968,2021-11-17,,2.308000087738037,228.0,526.223991394043,1
PANADERIA,968,2021-11-18,,2.308000087738037,222.0,512.3759841918945,1
PANADERIA,968,2021-11-19,,2.308000087738037,213.0,491.60398864746094,1
PANADERIA,968,2021-11-20,,2.308000087738037,285.0,657.7799949645996,1
PANADERIA,968,2021-11-21,,2.308000087738037,348.0,803.1839866638184,1
PANADERIA,968,2021-11-22,,2.308000087738037,312.0,720.0959854125977,1
PANADERIA,968,2021-11-23,,2.308000087738037,264.0,609.3119926452637,1
PANADERIA,968,2021-11-24,,2.308000087738037,255.0,588.5399894714355,1
PANADERIA,968,2021-11-25,,2.308000087738037,339.0,782.411994934082,1
PANADERIA,968,2021-11-26,,2.308000087738037,240.0,553.9199905395508,1
PANADERIA,968,2021-11-27,,2.308000087738037,273.0,630.0839920043945,1
PANADERIA,968,2021-11-28,,2.308000087738037,402.0,927.8159828186035,1
PANADERIA,968,2021-11-29,,2.308000087738037,288.0,664.7039909362793,1
PANADERIA,968,2021-11-30,,2.308000087738037,300.0,692.3999824523926,1
PANADERIA,968,2021-12-01,,2.308000087738037,309.0,713.1719932556152,1
PANADERIA,968,2021-12-02,,2.308000087738037,249.0,574.6919937133789,1
PANADERIA,968,2021-12-03,,2.308000087738037,228.0,526.223991394043,1
PANADERIA,968,2021-12-04,,2.308000087738037,267.0,616.2359848022461,1
PANADERIA,968,2021-12-05,,2.308000087738037,315.0,727.0199813842773,1
PANADERIA,968,2021-12-06,Día de la Constitución,2.308000087738037,465.0,1073.2199974060059,1
PANADERIA,968,2021-12-07,,2.308000087738037,327.0,754.7159881591797,1
PANADERIA,968,2021-12-08,,2.308000087738037,369.0,851.6519775390625,1
PANADERIA,968,2021-12-09,,2.308000087738037,297.0,685.4759941101074,1
PANADERIA,968,2021-12-10,,2.308000087738037,240.0,553.9199905395508,1
PANADERIA,968,2021-12-11,,2.308000087738037,264.0,609.3119888305664,1
PANADERIA,968,2021-12-12,,2.308000087738037,330.0,761.6399803161621,1
PANADERIA,968,2021-12-13,,2.308000087738037,285.0,657.7799873352051,1
PANADERIA,968,2021-12-14,,2.308000087738037,279.0,643.9319915771484,1
PANADERIA,968,2021-12-15,,2.308000087738037,291.0,671.627986907959,1
PANADERIA,968,2021-12-16,,2.308000087738037,288.0,664.703987121582,1
PANADERIA,968,2021-12-17,,2.308000087738037,234.0,540.0719871520996,1
PANADERIA,968,2021-12-18,,2.308000087738037,231.0,533.1479911804199,1
PANADERIA,968,2021-12-19,,2.308000087738037,387.0,893.1959991455078,1
PANADERIA,968,2021-12-20,,2.308000087738037,354.0,817.0319938659668,1
PANADERIA,968,2021-12-21,,2.308000087738037,321.0,740.8679885864258,1
PANADERIA,968,2021-12-22,,2.308000087738037,279.0,643.9319839477539,1
PANADERIA,968,2021-12-23,,2.308000087738037,252.0,581.6159896850586,1
PANADERIA,968,2021-12-24,Nochebuena,2.308000087738037,519.0,1197.8519897460938,1
PANADERIA,968,2021-12-25,Navidad,2.308000087738037,678.0,1564.823974609375,1
PANADERIA,968,2021-12-26,,2.308000087738037,384.0,886.2719917297363,1
PANADERIA,968,2021-12-27,,2.308000087738037,363.0,837.8039741516113,1
PANADERIA,968,2021-12-28,,2.308000087738037,270.0,623.1599884033203,1
PANADERIA,968,2021-12-29,,2.308000087738037,258.0,595.4639892578125,1
PANADERIA,968,2021-12-30,,2.308000087738037,213.0,491.60398864746094,1
PANADERIA,968,2021-12-31,Nochevieja,2.308000087738037,549.0,1267.0919876098633,1
PANADERIA,968,2022-01-01,Año Nuevo,2.308000087738037,870.0,2007.9599952697754,1
PANADERIA,968,2022-01-02,,2.308000087738037,387.0,893.1959838867188,1
PANADERIA,968,2022-01-03,,2.308000087738037,363.0,837.8039932250977,1
PANADERIA,968,2022-01-04,,2.308000087738037,288.0,664.7039909362793,1
PANADERIA,968,2022-01-05,,2.308000087738037,312.0,720.0959968566895,1
PANADERIA,968,2022-01-06,Día de Reyes,2.308000087738037,531.0,1225.548007965088,1
PANADERIA,968,2022-01-07,,2.308000087738037,240.0,553.9199867248535,1
PANADERIA,968,2022-01-08,,2.308000087738037,294.0,678.5519828796387,1
PANADERIA,968,2022-01-09,,2.308000087738037,399.0,920.8919982910156,1
PANADERIA,968,2022-01-10,,2.308000087738037,339.0,782.4119873046875,1
PANADERIA,968,2022-01-11,,2.308000087738037,267.0,616.2359886169434,1
PANADERIA,968,2022-01-12,,2.308000087738037,315.0,727.0199890136719,1
PANADERIA,968,2022-01-13,,2.308000087738037,327.0,754.7159996032715,1
PANADERIA,968,2022-01-14,,2.308000087738037,258.0,595.4639892578125,1
PANADERIA,968,2022-01-15,,2.308000087738037,309.0,713.1719818115234,1
PANADERIA,968,2022-01-16,,2.308000087738037,489.0,1128.6119842529297,1
PANADERIA,968,2022-01-17,,2.308000087738037,321.0,740.8679885864258,1
PANADERIA,968,2022-01-18,,2.308000087738037,342.0,789.3359870910645,1
PANADERIA,968,2022-01-19,,2.308000087738037,270.0,623.1599884033203,1
PANADERIA,968,2022-01-20,,2.308000087738037,339.0,782.4119873046875,1
PANADERIA,968,2022-01-21,,2.308000087738037,348.0,803.1840019226074,1
PANADERIA,968,2022-01-22,,2.308000087738037,330.0,761.6399917602539,1
PANADERIA,968,2022-01-23,,2.308000087738037,555.0,1280.9399948120117,1
PANADERIA,968,2022-01-24,,2.308000087738037,342.0,789.335994720459,1
PANADERIA,968,2022-01-25,,2.308000087738037,324.0,747.7919883728027,1
PANADERIA,968,2022-01-26,,2.308000087738037,312.0,720.0959968566895,1
PANADERIA,968,2022-01-27,,2.308000087738037,264.0,609.3119812011719,1
PANADERIA,968,2022-01-28,,2.308000087738037,270.0,623.1599960327148,1
PANADERIA,968,2022-01-29,,2.308000087738037,231.0,533.1479873657227,1
PANADERIA,968,2022-01-30,,2.308000087738037,501.0,1156.3079872131348,1
PANADERIA,968,2022-01-31,,2.308000087738037,336.0,775.4879875183105,1
PANADERIA,968,2022-02-01,,2.308000087738037,333.0,768.5639801025391,1
PANADERIA,968,2022-02-02,,2.308000087738037,297.0,685.4759902954102,1
PANADERIA,968,2022-02-03,,2.308000087738037,315.0,727.0199890136719,1
PANADERIA,968,2022-02-04,,2.308000087738037,240.0,553.9199905395508,1
PANADERIA,968,2022-02-05,,2.308000087738037,195.0,450.0599899291992,1
PANADERIA,968,2022-02-06,,2.308000087738037,378.0,872.4239959716797,1
PANADERIA,968,2022-02-07,,2.308000087738037,225.0,519.2999992370605,1
PANADERIA,968,2022-02-08,,2.308000087738037,318.0,733.9439888000488,1
PANADERIA,968,2022-02-09,,2.308000087738037,363.0,837.8039970397949,1
PANADERIA,968,2022-02-10,,2.308000087738037,297.0,685.4759864807129,1
PANADERIA,968,2022-02-11,,2.308000087738037,270.0,623.159984588623,1
PANADERIA,968,2022-02-12,,2.308000087738037,240.0,553.919994354248,1
PANADERIA,968,2022-02-13,,2.308000087738037,444.0,1024.75199508667,1
PANADERIA,968,2022-02-14,Día de San Valentín,2.308000087738037,360.0,830.8799934387207,1
PANADERIA,968,2022-02-15,,2.308000087738037,318.0,733.9439926147461,1
PANADERIA,968,2022-02-16,,2.308000087738037,252.0,581.6159934997559,1
PANADERIA,968,2022-02-17,,2.308000087738037,270.0,623.159984588623,1
PANADERIA,968,2022-02-18,,2.308000087738037,231.0,533.1479911804199,1
PANADERIA,968,2022-02-19,,2.308000087738037,297.0,685.4759941101074,1
PANADERIA,968,2022-02-20,,2.308000087738037,396.0,913.9679870605469,1
PANADERIA,968,2022-02-21,,2.308000087738037,282.0,650.8559875488281,1
PANADERIA,968,2022-02-22,,2.308000087738037,300.0,692.3999977111816,1
PANADERIA,968,2022-02-23,,2.308000087738037,282.0,650.8559837341309,1
PANADERIA,968,2022-02-24,,2.308000087738037,327.0,754.7159843444824,1
PANADERIA,968,2022-02-25,,2.308000087738037,276.0,637.0079917907715,1
PANADERIA,968,2022-02-26,,2.308000087738037,249.0,574.6919937133789,1
PANADERIA,968,2022-02-27,,2.308000087738037,318.0,733.9439964294434,1
PANADERIA,968,2022-02-28,,2.308000087738037,360.0,830.879997253418,1
PANADERIA,968,2022-03-01,,2.308000087738037,228.0,526.2239837646484,1
PANADERIA,968,2022-03-02,,2.308000087738037,264.0,609.3119926452637,1
PANADERIA,968,2022-03-03,,2.308000087738037,246.0,567.7679901123047,1
PANADERIA,968,2022-03-04,,2.308000087738037,258.0,595.4639854431152,1
PANADERIA,968,2022-03-05,,2.308000087738037,243.0,560.8439865112305,1
PANADERIA,968,2022-03-06,,2.308000087738037,351.0,810.1079902648926,1
PANADERIA,968,2022-03-07,,2.308000087738037,327.0,754.715991973877,1
PANADERIA,968,2022-03-08,,2.308000087738037,231.0,533.1479949951172,1
PANADERIA,968,2022-03-09,,2.308000087738037,342.0,789.3359909057617,1
PANADERIA,968,2022-03-10,,2.308000087738037,288.0,664.7039909362793,1
PANADERIA,968,2022-03-11,,2.308000087738037,249.0,574.6919937133789,1
PANADERIA,968,2022-03-12,,2.308000087738037,246.0,567.767993927002,1
PANADERIA,968,2022-03-13,,2.308000087738037,354.0,817.031982421875,1
PANADERIA,968,2022-03-14,,2.4519999027252197,318.0,779.7360095977783,1
PANADERIA,968,2022-03-15,,2.4519999027252197,276.0,676.7520084381104,1
PANADERIA,968,2022-03-16,,2.4519999027252197,258.0,632.6160001754761,1
PANADERIA,968,2022-03-17,,2.4519999027252197,303.0,742.9560070037842,1
PANADERIA,968,2022-03-18,,2.4519999027252197,282.0,691.4639978408813,1
PANADERIA,968,2022-03-19,Día del Padre,2.4519999027252197,228.0,559.0560083389282,1
PANADERIA,968,2022-03-20,,2.4519999027252197,279.0,684.1080112457275,1
PANADERIA,968,2022-03-21,,2.4519999027252197,324.0,794.4480037689209,1
PANADERIA,968,2022-03-22,,2.4519999027252197,291.0,713.5320072174072,1
PANADERIA,968,2022-03-23,,2.4519999027252197,303.0,742.9560022354126,1
PANADERIA,968,2022-03-24,,2.4519999027252197,291.0,713.5319995880127,1
PANADERIA,968,2022-03-25,,2.4519999027252197,273.0,669.3960027694702,1
PANADERIA,968,2022-03-26,,2.4519999027252197,273.0,669.39599609375,1
PANADERIA,968,2022-03-27,,2.4519999027252197,441.0,1081.33198928833,1
PANADERIA,968,2022-03-28,,2.4519999027252197,345.0,845.9399890899658,1
PANADERIA,968,2022-03-29,,2.4519999027252197,210.0,514.9200010299683,1
PANADERIA,968,2022-03-30,,2.4519999027252197,249.0,610.5480041503906,1
PANADERIA,968,2022-03-31,,2.4519999027252197,222.0,544.3440113067627,1
PANADERIA,968,2022-04-01,,2.4519999027252197,273.0,669.3960027694702,1
PANADERIA,968,2022-04-02,,2.4519999027252197,237.0,581.1239957809448,1
PANADERIA,968,2022-04-03,,2.4519999027252197,420.0,1029.8400115966797,1
PANADERIA,968,2022-04-04,,2.4519999027252197,297.0,728.2440032958984,1
PANADERIA,968,2022-04-05,,2.4519999027252197,318.0,779.7360076904297,1
PANADERIA,968,2022-04-06,,2.4519999027252197,306.0,750.3120012283325,1
PANADERIA,968,2022-04-07,,2.4519999027252197,282.0,691.464015007019,1
PANADERIA,968,2022-04-08,,2.4519999027252197,240.0,588.4800119400024,1
PANADERIA,968,2022-04-09,,2.4519999027252197,306.0,750.3119974136353,1
PANADERIA,968,2022-04-10,Domingo de Ramos,2.4519999027252197,378.0,926.8560037612915,1
PANADERIA,968,2022-04-11,Lunes Santo,2.4519999027252197,297.0,728.2440013885498,1
PANADERIA,968,2022-04-12,Martes Santo,2.4519999027252197,306.0,750.3120183944702,1
PANADERIA,968,2022-04-13,Miércoles Santo,2.4519999027252197,330.0,809.1599960327148,1
PANADERIA,968,2022-04-14,Jueves Santo,2.4519999027252197,318.0,779.7359952926636,1
PANADERIA,968,2022-04-15,Viernes Santo,2.4519999027252197,384.0,941.5679893493652,1
PANADERIA,968,2022-04-16,Sábado Santo,2.4519999027252197,261.0,639.9720001220703,1
PANADERIA,968,2022-04-17,Domingo de Resurrección,2.4519999027252197,399.0,978.3480024337769,1
PANADERIA,968,2022-04-18,,2.4519999027252197,303.0,742.9560136795044,1
PANADERIA,968,2022-04-19,,2.4519999027252197,243.0,595.8360071182251,1
PANADERIA,968,2022-04-20,,2.4519999027252197,234.0,573.7680006027222,1
PANADERIA,968,2022-04-21,,2.4519999027252197,264.0,647.3280038833618,1
PANADERIA,968,2022-04-22,,2.4519999027252197,222.0,544.3440113067627,1
PANADERIA,968,2022-04-23,,2.4519999027252197,276.0,676.7520046234131,1
PANADERIA,968,2022-04-24,,2.4519999027252197,450.0,1103.400019645691,1
PANADERIA,968,2022-04-25,,2.4519999027252197,309.0,757.6680021286011,1
PANADERIA,968,2022-04-26,,2.4519999027252197,279.0,684.1080007553101,1
PANADERIA,968,2022-04-27,,2.4519999027252197,252.0,617.9040069580078,1
PANADERIA,968,2022-04-28,,2.4519999027252197,270.0,662.0399980545044,1
PANADERIA,968,2022-04-29,,2.4519999027252197,177.0,434.00400829315186,1
PANADERIA,968,2022-04-30,,2.4519999027252197,276.0,676.7519998550415,1
PANADERIA,968,2022-05-01,Día de la Madre,2.4519999027252197,366.0,897.43199634552,1
PANADERIA,968,2022-05-02,,2.4519999027252197,396.0,970.9919900894165,1
PANADERIA,968,2022-05-03,Día de la Cruz,2.4519999027252197,255.0,625.2600002288818,1
PANADERIA,968,2022-05-04,,2.4519999027252197,261.0,639.9720029830933,1
PANADERIA,968,2022-05-05,,2.4519999027252197,270.0,662.0399990081787,1
PANADERIA,968,2022-05-06,,2.4519999027252197,231.0,566.4120035171509,1
PANADERIA,968,2022-05-07,,2.4519999027252197,216.0,529.6319990158081,1
PANADERIA,968,2022-05-08,,2.4519999027252197,471.0,1154.8919982910156,1
PANADERIA,968,2022-05-09,,2.4519999027252197,273.0,669.3960075378418,1
PANADERIA,968,2022-05-10,,2.4519999027252197,246.0,603.1920013427734,1
PANADERIA,968,2022-05-11,,2.4519999027252197,234.0,573.7680034637451,1
PANADERIA,968,2022-05-12,,2.4519999027252197,279.0,684.1080131530762,1
PANADERIA,968,2022-05-13,,2.4519999027252197,231.0,566.4120092391968,1
PANADERIA,968,2022-05-14,,2.4519999027252197,219.0,536.9879999160767,1
PANADERIA,968,2022-05-15,,2.4519999027252197,321.0,787.0919952392578,1
PANADERIA,968,2022-05-16,,2.4519999027252197,228.0,559.0560007095337,1
PANADERIA,968,2022-05-17,,2.4519999027252197,255.0,625.2599973678589,1
PANADERIA,968,2022-05-18,,2.4519999027252197,264.0,647.3280048370361,1
PANADERIA,968,2022-05-19,,2.4519999027252197,213.0,522.2760057449341,1
PANADERIA,968,2022-05-20,,2.4519999027252197,144.0,353.0879964828491,1
PANADERIA,968,2022-05-21,,2.4519999027252197,258.0,632.6159934997559,1
PANADERIA,968,2022-05-22,,2.4519999027252197,468.0,1147.5360050201416,1
PANADERIA,968,2022-05-23,,2.4519999027252197,243.0,595.8360080718994,1
PANADERIA,968,2022-05-24,,2.4519999027252197,264.0,647.3280048370361,1
PANADERIA,968,2022-05-25,,2.4519999027252197,258.0,632.6160049438477,1
PANADERIA,968,2022-05-26,,2.4519999027252197,201.0,492.8520107269287,1
PANADERIA,968,2022-05-27,,2.4519999027252197,249.0,610.5480079650879,1
PANADERIA,968,2022-05-28,,2.4519999027252197,138.0,338.3760051727295,1
PANADERIA,968,2022-05-29,,2.4519999027252197,312.0,765.0240020751953,1
PANADERIA,968,2022-05-30,,2.4519999027252197,285.0,698.8200149536133,1
PANADERIA,968,2022-05-31,,2.4519999027252197,252.0,617.9040079116821,1
PANADERIA,968,2022-06-01,,2.4519999027252197,147.0,360.4440040588379,1
PANADERIA,968,2022-06-02,,2.4519999027252197,273.0,669.39599609375,1
PANADERIA,968,2022-06-03,,2.4519999027252197,168.0,411.93600368499756,1
PANADERIA,968,2022-06-04,,2.4519999027252197,243.0,595.8360013961792,1
PANADERIA,968,2022-06-05,,2.4519999027252197,372.0,912.1439952850342,1
PANADERIA,968,2022-06-06,,2.4519999027252197,285.0,698.8199977874756,1
PANADERIA,968,2022-06-07,,2.4519999027252197,243.0,595.8360023498535,1
PANADERIA,968,2022-06-08,,2.4519999027252197,213.0,522.2760019302368,1
PANADERIA,968,2022-06-09,,2.4519999027252197,210.0,514.9200038909912,1
PANADERIA,968,2022-06-10,,2.4519999027252197,183.0,448.71599769592285,1
PANADERIA,968,2022-06-11,,2.4519999027252197,282.0,691.46399974823,1
PANADERIA,968,2022-06-12,,2.4519999027252197,363.0,890.0759983062744,1
PANADERIA,968,2022-06-13,,2.4519999027252197,300.0,735.6000080108643,1
PANADERIA,968,2022-06-14,,2.4519999027252197,210.0,514.9200010299683,1
PANADERIA,968,2022-06-15,,2.4519999027252197,222.0,544.3440036773682,1
PANADERIA,968,2022-06-16,,2.4519999027252197,180.0,441.3600025177002,1
PANADERIA,968,2022-06-17,,2.4519999027252197,153.0,375.15600776672363,1
PANADERIA,968,2022-06-18,,2.4519999027252197,159.0,389.86800956726074,1
PANADERIA,968,2022-06-19,,2.4519999027252197,381.0,934.2119855880737,1
PANADERIA,968,2022-06-20,,2.4519999027252197,225.0,551.7000074386597,1
PANADERIA,968,2022-06-21,,2.4519999027252197,168.0,411.93599700927734,1
PANADERIA,968,2022-06-22,,2.4519999027252197,186.0,456.0720024108887,1
PANADERIA,968,2022-06-23,,2.4519999027252197,186.0,456.0719985961914,1
PANADERIA,968,2022-06-24,Día de San Juan,2.4519999027252197,207.0,507.5640058517456,1
PANADERIA,968,2022-06-25,,2.4519999027252197,159.0,389.8680028915405,1
PANADERIA,968,2022-06-26,,2.4519999027252197,303.0,742.9560031890869,1
PANADERIA,968,2022-06-27,,2.4519999027252197,303.0,742.9560060501099,1
PANADERIA,968,2022-06-28,,2.4519999027252197,207.0,507.5640068054199,1
PANADERIA,968,2022-06-29,,2.4519999027252197,225.0,551.6999969482422,1
PANADERIA,968,2022-06-30,,2.4519999027252197,180.0,441.36000061035156,1
PANADERIA,968,2022-07-01,,2.4519999027252197,195.0,478.1400089263916,1
PANADERIA,968,2022-07-02,,2.4519999027252197,234.0,573.7679958343506,1
PANADERIA,968,2022-07-03,,2.4519999027252197,330.0,809.1600008010864,1
PANADERIA,968,2022-07-04,,2.4519999027252197,264.0,647.3280010223389,1
PANADERIA,968,2022-07-05,,2.4519999027252197,174.0,426.64799785614014,1
PANADERIA,968,2022-07-06,,2.4519999027252197,183.0,448.71600341796875,1
PANADERIA,968,2022-07-07,,2.4519999027252197,189.0,463.42800521850586,1
PANADERIA,968,2022-07-08,,2.4519999027252197,255.0,625.2600011825562,1
PANADERIA,968,2022-07-09,,2.4519999027252197,231.0,566.4120044708252,1
PANADERIA,968,2022-07-10,,2.4519999027252197,342.0,838.584005355835,1
PANADERIA,968,2022-07-11,,2.4519999027252197,243.0,595.8360042572021,1
PANADERIA,968,2022-07-12,,2.4519999027252197,183.0,448.71600914001465,1
PANADERIA,968,2022-07-13,,2.4519999027252197,213.0,522.2759971618652,1
PANADERIA,968,2022-07-14,,2.4519999027252197,201.0,492.8520107269287,1
PANADERIA,968,2022-07-15,,2.4519999027252197,201.0,492.85200119018555,1
PANADERIA,968,2022-07-16,Día de la Virgen del Carmen,2.4519999027252197,297.0,728.2440071105957,1
PANADERIA,968,2022-07-17,,2.4519999027252197,315.0,772.3800067901611,1
PANADERIA,968,2022-07-18,,2.4519999027252197,210.0,514.9200038909912,1
PANADERIA,968,2022-07-19,,2.4519999027252197,213.0,522.2759952545166,1
PANADERIA,968,2022-07-20,,2.4519999027252197,237.0,581.1240062713623,1
PANADERIA,968,2022-07-21,,2.4519999027252197,189.0,463.427996635437,1
PANADERIA,968,2022-07-22,,2.4519999027252197,111.0,272.17199993133545,1
PANADERIA,968,2022-07-23,,2.4519999027252197,174.0,426.6480026245117,1
PANADERIA,968,2022-07-24,,2.4519999027252197,294.0,720.887996673584,1
PANADERIA,968,2022-07-25,,2.4519999027252197,213.0,522.2760028839111,1
PANADERIA,968,2022-07-26,,2.4519999027252197,207.0,507.5639982223511,1
PANADERIA,968,2022-07-27,,2.4519999027252197,228.0,559.0559978485107,1
PANADERIA,968,2022-07-28,,2.4519999027252197,153.0,375.1560001373291,1
PANADERIA,968,2022-07-29,,2.4519999027252197,201.0,492.85200023651123,1
PANADERIA,968,2022-07-30,,2.4519999027252197,219.0,536.9880084991455,1
PANADERIA,968,2022-07-31,,2.4519999027252197,315.0,772.3800048828125,1
PANADERIA,968,2022-08-01,,2.4519999027252197,213.0,522.2760047912598,1
PANADERIA,968,2022-08-02,,2.4519999027252197,183.0,448.71600246429443,1
PANADERIA,968,2022-08-03,,2.4519999027252197,159.0,389.8680009841919,1
PANADERIA,968,2022-08-04,,2.4519999027252197,210.0,514.9200029373169,1
PANADERIA,968,2022-08-05,,2.4519999027252197,180.0,441.36000537872314,1
PANADERIA,968,2022-08-06,,2.4519999027252197,183.0,448.7160062789917,1
PANADERIA,968,2022-08-07,,2.4519999027252197,339.0,831.2280006408691,1
PANADERIA,968,2022-08-08,,2.4519999027252197,189.0,463.42800998687744,1
PANADERIA,968,2022-08-09,,2.4519999027252197,150.0,367.80000019073486,1
PANADERIA,968,2022-08-10,,2.4519999027252197,204.0,500.2079973220825,1
PANADERIA,968,2022-08-11,,2.4519999027252197,186.0,456.07200050354004,1
PANADERIA,968,2022-08-12,,2.4519999027252197,207.0,507.5640115737915,1
PANADERIA,968,2022-08-13,Feria de Málaga,2.4519999027252197,114.0,279.5279998779297,1
PANADERIA,968,2022-08-14,Feria de Málaga,2.4519999027252197,393.0,963.6360025405884,1
PANADERIA,968,2022-08-15,Feria de Málaga,2.4519999027252197,318.0,779.7360134124756,1
PANADERIA,968,2022-08-16,Feria de Málaga,2.4519999027252197,255.0,625.2599945068359,1
PANADERIA,968,2022-08-17,Feria de Málaga,2.4519999027252197,180.0,441.3600044250488,1
PANADERIA,968,2022-08-18,Feria de Málaga,2.4519999027252197,231.0,566.4120054244995,1
PANADERIA,968,2022-08-19,Feria de Málaga,2.4519999027252197,276.0,676.7520008087158,1
PANADERIA,968,2022-08-20,Feria de Málaga,2.4519999027252197,177.0,434.0040044784546,1
PANADERIA,968,2022-08-21,,2.4519999027252197,327.0,801.8040056228638,1
PANADERIA,968,2022-08-22,,2.4519999027252197,234.0,573.7679977416992,1
PANADERIA,968,2022-08-23,,2.4519999027252197,234.0,573.7679958343506,1
PANADERIA,968,2022-08-24,,2.4519999027252197,243.0,595.8360013961792,1
PANADERIA,968,2022-08-25,,2.4519999027252197,225.0,551.700008392334,1
PANADERIA,968,2022-08-26,,2.4519999027252197,207.0,507.5640125274658,1
PANADERIA,968,2022-08-27,,2.4519999027252197,321.0,787.0920076370239,1
PANADERIA,968,2022-08-28,,2.4519999027252197,237.0,581.124002456665,1
PANADERIA,968,2022-08-29,,2.4519999027252197,195.0,478.1400032043457,1
PANADERIA,968,2022-08-30,,2.4519999027252197,195.0,478.1400022506714,1
PANADERIA,968,2022-08-31,,2.4519999027252197,201.0,492.85200023651123,1
PANADERIA,968,2022-09-01,,2.4519999027252197,180.0,441.35999870300293,1
PANADERIA,968,2022-09-02,,2.4519999027252197,168.0,411.93599796295166,1
PANADERIA,968,2022-09-03,,2.4519999027252197,183.0,448.71600437164307,1
PANADERIA,968,2022-09-04,,2.4519999027252197,333.0,816.5159978866577,1
PANADERIA,968,2022-09-05,,2.4519999027252197,159.0,389.8680009841919,1
PANADERIA,968,2022-09-06,,2.4519999027252197,183.0,448.71600246429443,1
PANADERIA,968,2022-09-07,,2.4519999027252197,105.0,257.45999813079834,1
PANADERIA,968,2022-09-08,Fiesta de la Virgen de la Victoria,2.4519999027252197,282.0,691.463996887207,1
PANADERIA,968,2022-09-09,,2.4519999027252197,234.0,573.7679967880249,1
PANADERIA,968,2022-09-10,,2.4519999027252197,204.0,500.2080020904541,1
PANADERIA,968,2022-09-11,,2.4519999027252197,198.0,485.4960050582886,1
PANADERIA,968,2022-09-12,,2.4519999027252197,153.0,375.15599727630615,1
PANADERIA,968,2022-09-13,,2.4519999027252197,180.0,441.3599967956543,1
PANADERIA,968,2022-09-14,,2.4519999027252197,198.0,485.4960012435913,1
PANADERIA,968,2022-09-15,,2.4519999027252197,162.0,397.2239980697632,1
PANADERIA,968,2022-09-16,,2.4519999027252197,174.0,426.6480026245117,1
PANADERIA,968,2022-09-17,,2.4519999027252197,213.0,522.2760019302368,1
PANADERIA,968,2022-09-18,,2.4519999027252197,216.0,529.6320085525513,1
PANADERIA,968,2022-09-19,,2.4519999027252197,180.0,441.3600015640259,1
PANADERIA,968,2022-09-20,,2.4519999027252197,156.0,382.5120038986206,1
PANADERIA,968,2022-09-21,,2.4519999027252197,177.0,434.0039978027344,1
PANADERIA,968,2022-09-22,,2.4519999027252197,222.0,544.3439998626709,1
PANADERIA,968,2022-09-23,,2.4519999027252197,171.0,419.2919969558716,1
PANADERIA,968,2022-09-24,,2.4519999027252197,198.0,485.4960012435913,1
PANADERIA,968,2022-09-25,,2.4519999027252197,306.0,750.3120107650757,1
PANADERIA,968,2022-09-26,,2.4519999027252197,201.0,492.8519992828369,1
PANADERIA,968,2022-09-27,,2.4519999027252197,186.0,456.072003364563,1
PANADERIA,968,2022-09-28,,2.4519999027252197,183.0,448.7160005569458,1
PANADERIA,968,2022-09-29,,2.4519999027252197,165.0,404.580002784729,1
PANADERIA,968,2022-09-30,,2.4519999027252197,168.0,411.9360046386719,1
PANADERIA,968,2022-10-01,,2.4519999027252197,180.0,441.3600091934204,1
PANADERIA,968,2022-10-02,,2.4519999027252197,414.0,1015.1280069351196,1
PANADERIA,968,2022-10-03,,2.4519999027252197,222.0,544.3440065383911,1
PANADERIA,968,2022-10-04,,2.4519999027252197,228.0,559.0559978485107,1
PANADERIA,968,2022-10-05,,2.4519999027252197,195.0,478.1399974822998,1
PANADERIA,968,2022-10-06,,2.4519999027252197,192.0,470.7840003967285,1
PANADERIA,968,2022-10-07,,2.4519999027252197,183.0,448.7159996032715,1
PANADERIA,968,2022-10-08,,2.4519999027252197,144.0,353.0880002975464,1
PANADERIA,968,2022-10-09,,2.4519999027252197,405.0,993.0599985122681,1
PANADERIA,968,2022-10-10,,2.4519999027252197,168.0,411.93600368499756,1
PANADERIA,968,2022-10-11,,2.4519999027252197,177.0,434.0039978027344,1
PANADERIA,968,2022-10-12,Día de la Hispanidad (Fiesta Nacional de España),2.4519999027252197,372.0,912.1440048217773,1
PANADERIA,968,2022-10-13,,2.4519999027252197,201.0,492.85199546813965,1
PANADERIA,968,2022-10-14,,2.4519999027252197,171.0,419.29200649261475,1
PANADERIA,968,2022-10-15,,2.4519999027252197,216.0,529.6320009231567,1
PANADERIA,968,2022-10-16,,2.4519999027252197,354.0,868.0080032348633,1
PANADERIA,968,2022-10-17,,2.4519999027252197,219.0,536.9879999160767,1
PANADERIA,968,2022-10-18,,2.4519999027252197,210.0,514.9200038909912,1
PANADERIA,968,2022-10-19,,2.4519999027252197,243.0,595.8360061645508,1
PANADERIA,968,2022-10-20,,2.4519999027252197,225.0,551.7000160217285,1
PANADERIA,968,2022-10-21,,2.4519999027252197,153.0,375.15600395202637,1
PANADERIA,968,2022-10-22,,2.4519999027252197,213.0,522.27601146698,1
PANADERIA,968,2022-10-23,,2.4519999027252197,381.0,934.2119989395142,1
PANADERIA,968,2022-10-24,,2.4519999027252197,291.0,713.532000541687,1
PANADERIA,968,2022-10-25,,2.4519999027252197,231.0,566.4119997024536,1
PANADERIA,968,2022-10-26,,2.4519999027252197,261.0,639.9719953536987,1
PANADERIA,968,2022-10-27,,2.4519999027252197,156.0,382.51200771331787,1
PANADERIA,968,2022-10-28,,2.4519999027252197,174.0,426.64800453186035,1
PANADERIA,968,2022-10-29,,2.4519999027252197,219.0,536.9880018234253,1
PANADERIA,968,2022-10-30,,2.4519999027252197,402.0,985.7039966583252,1
PANADERIA,968,2022-10-31,Noche de Halloween,2.4519999027252197,243.0,595.836012840271,1
PANADERIA,968,2022-11-01,Día de Todos los Santos,2.4519999027252197,294.0,720.8880090713501,1
PANADERIA,968,2022-11-02,,2.4519999027252197,252.0,617.9039964675903,1
PANADERIA,968,2022-11-03,,2.4519999027252197,237.0,581.1239967346191,1
PANADERIA,968,2022-11-04,,2.4519999027252197,180.0,441.3600025177002,1
PANADERIA,968,2022-11-05,,2.4519999027252197,180.0,441.35999965667725,1
PANADERIA,968,2022-11-06,,2.4519999027252197,381.0,934.2120084762573,1
PANADERIA,968,2022-11-07,,2.4519999027252197,225.0,551.6999979019165,1
PANADERIA,968,2022-11-08,,2.4519999027252197,234.0,573.7680006027222,1
PANADERIA,968,2022-11-09,,2.4519999027252197,240.0,588.4800043106079,1
PANADERIA,968,2022-11-10,,2.4519999027252197,237.0,581.1240015029907,1
PANADERIA,968,2022-11-11,,2.4519999027252197,201.0,492.851993560791,1
PANADERIA,968,2022-11-12,,2.4519999027252197,189.0,463.4280014038086,1
PANADERIA,968,2022-11-13,,2.4519999027252197,372.0,912.1440019607544,1
PANADERIA,968,2022-11-14,,2.4519999027252197,243.0,595.8359985351562,1
PANADERIA,968,2022-11-15,,2.4519999027252197,168.0,411.9360017776489,1
PANADERIA,968,2022-11-16,,2.4519999027252197,168.0,411.9360046386719,1
PANADERIA,968,2022-11-17,,2.4519999027252197,228.0,559.0560007095337,1
PANADERIA,968,2022-11-18,,2.4519999027252197,213.0,522.2759971618652,1
PANADERIA,968,2022-11-19,,2.4519999027252197,249.0,610.5480070114136,1
PANADERIA,968,2022-11-20,,2.4519999027252197,393.0,963.6360092163086,1
PANADERIA,968,2022-11-21,,2.4519999027252197,225.0,551.7000045776367,1
PANADERIA,968,2022-11-22,,2.4519999027252197,261.0,639.9720058441162,1
PANADERIA,968,2022-11-23,,2.4519999027252197,207.0,507.5640106201172,1
PANADERIA,968,2022-11-24,,2.4519999027252197,189.0,463.42799949645996,1
PANADERIA,968,2022-11-25,,2.4519999027252197,177.0,434.0040102005005,1
PANADERIA,968,2022-11-26,,2.4519999027252197,147.0,360.4440031051636,1
PANADERIA,968,2022-11-27,,2.4519999027252197,276.0,676.7520065307617,1
PANADERIA,968,2022-11-28,,2.4519999027252197,237.0,581.1239967346191,1
PANADERIA,968,2022-11-29,,2.4519999027252197,291.0,713.5320053100586,1
PANADERIA,968,2022-11-30,,2.4519999027252197,177.0,434.0039939880371,1
PANADERIA,968,2022-12-01,,2.4519999027252197,216.0,529.6320009231567,1
PANADERIA,968,2022-12-02,,2.4519999027252197,186.0,456.0719985961914,1
PANADERIA,968,2022-12-03,,2.4519999027252197,210.0,514.9200057983398,1
PANADERIA,968,2022-12-04,,2.4519999027252197,312.0,765.0240116119385,1
PANADERIA,968,2022-12-05,,2.4519999027252197,264.0,647.3279962539673,1
PANADERIA,968,2022-12-06,Día de la Constitución,2.4519999027252197,381.0,934.2120037078857,1
PANADERIA,968,2022-12-07,,2.4519999027252197,282.0,691.4640035629272,1
PANADERIA,968,2022-12-08,,2.4519999027252197,258.0,632.6159982681274,1
PANADERIA,968,2022-12-09,,2.4519999027252197,234.0,573.7680006027222,1
PANADERIA,968,2022-12-10,,2.4519999027252197,198.0,485.4960117340088,1
PANADERIA,968,2022-12-11,,2.4519999027252197,294.0,720.8879995346069,1
PANADERIA,968,2022-12-12,,2.4519999027252197,237.0,581.1240043640137,1
PANADERIA,968,2022-12-13,,2.4519999027252197,198.0,485.4959964752197,1
PANADERIA,968,2022-12-14,,2.4519999027252197,165.0,404.5800018310547,1
PANADERIA,968,2022-12-15,,2.4519999027252197,189.0,463.42800426483154,1
PANADERIA,968,2022-12-16,,2.4519999027252197,159.0,389.8679962158203,1
PANADERIA,968,2022-12-17,,2.4519999027252197,147.0,360.4440031051636,1
PANADERIA,968,2022-12-18,,2.4519999027252197,279.0,684.1079950332642,1
PANADERIA,968,2022-12-19,,2.4519999027252197,240.0,588.4800043106079,1
PANADERIA,968,2022-12-20,,2.4519999027252197,222.0,544.3440046310425,1
PANADERIA,968,2022-12-21,,2.4519999027252197,237.0,581.1240015029907,1
PANADERIA,968,2022-12-22,,2.4519999027252197,219.0,536.9880065917969,1
PANADERIA,968,2022-12-23,,2.4519999027252197,228.0,559.0560007095337,1
PANADERIA,968,2022-12-24,Nochebuena,2.4519999027252197,414.0,1015.1280107498169,1
PANADERIA,968,2022-12-25,Navidad,2.4519999027252197,711.0,1743.371997833252,1
PANADERIA,968,2022-12-26,,2.4519999027252197,378.0,926.856011390686,1
PANADERIA,968,2022-12-27,,2.4519999027252197,252.0,617.9040040969849,1
PANADERIA,968,2022-12-28,,2.4519999027252197,216.0,529.6319990158081,1
PANADERIA,968,2022-12-29,,2.4519999027252197,189.0,463.42800426483154,1
PANADERIA,968,2022-12-30,,2.4519999027252197,198.0,485.496000289917,1
PANADERIA,968,2022-12-31,Nochevieja,2.4519999027252197,303.0,742.9560060501099,1
PANADERIA,968,2023-01-01,Año Nuevo,2.549999952316284,681.0,1736.5500144958496,1
PANADERIA,968,2023-01-02,,2.549999952316284,285.0,726.7500004768372,1
PANADERIA,968,2023-01-03,,2.549999952316284,328.00499725341797,836.4130034446716,1
PANADERIA,968,2023-01-04,,2.549999952316284,222.0,566.1000032424927,1
PANADERIA,968,2023-01-05,,2.549999952316284,246.0,627.3000049591064,1
PANADERIA,968,2023-01-06,Día de Reyes,2.549999952316284,399.0,1017.4499940872192,1
PANADERIA,968,2023-01-07,,2.549999952316284,162.0,413.1000018119812,1
PANADERIA,968,2023-01-08,,2.549999952316284,267.0,680.8500118255615,1
PANADERIA,968,2023-01-09,,2.549999952316284,210.0,535.5000057220459,1
PANADERIA,968,2023-01-10,,2.549999952316284,258.0,657.8999915122986,1
PANADERIA,968,2023-01-11,,2.549999952316284,207.0,527.8500018119812,1
PANADERIA,968,2023-01-12,,2.549999952316284,216.0,550.8000001907349,1
PANADERIA,968,2023-01-13,,2.549999952316284,162.0,413.09999990463257,1
PANADERIA,968,2023-01-14,,2.549999952316284,213.0,543.1500067710876,1
PANADERIA,968,2023-01-15,,2.549999952316284,417.0,1063.3499989509583,1
PANADERIA,968,2023-01-16,,2.549999952316284,249.0,634.950008392334,1
PANADERIA,968,2023-01-17,,2.549999952316284,258.0,657.9000053405762,1
PANADERIA,968,2023-01-18,,2.549999952316284,240.0,612.000006198883,1
PANADERIA,968,2023-01-19,,2.549999952316284,258.0,657.900004863739,1
PANADERIA,968,2023-01-20,,2.549999952316284,195.0,497.2499976158142,1
PANADERIA,968,2023-01-21,,2.549999952316284,168.0,428.40000772476196,1
PANADERIA,968,2023-01-22,,2.549999952316284,339.0,864.449996471405,1
PANADERIA,968,2023-01-23,,2.549999952316284,207.0,527.8500070571899,1
PANADERIA,968,2023-01-24,,2.549999952316284,225.0,573.7500071525574,1
PANADERIA,968,2023-01-25,,2.549999952316284,171.0,436.05000495910645,1
PANADERIA,968,2023-01-26,,2.549999952316284,294.0,749.6999988555908,1
PANADERIA,968,2023-01-27,,2.549999952316284,273.0,696.1500029563904,1
PANADERIA,968,2023-01-28,,2.549999952316284,207.0,527.8500108718872,1
PANADERIA,968,2023-01-29,,2.549999952316284,339.0,864.4499998092651,1
PANADERIA,968,2023-01-30,,2.549999952316284,255.0,650.2500033378601,1
PANADERIA,968,2023-01-31,,2.549999952316284,231.0,589.0500044822693,1
PANADERIA,968,2023-02-01,,2.549999952316284,198.0,504.9000029563904,1
PANADERIA,968,2023-02-02,,2.549999952316284,282.0,719.1000051498413,1
PANADERIA,968,2023-02-03,,2.549999952316284,177.0,451.35000705718994,1
PANADERIA,968,2023-02-04,,2.549999952316284,228.0,581.4000005722046,1
PANADERIA,968,2023-02-05,,2.549999952316284,591.0,1507.0500030517578,1
PANADERIA,968,2023-02-06,,2.549999952316284,159.0,405.45000314712524,1
PANADERIA,968,2023-02-07,,2.549999952316284,195.0,497.250009059906,1
PANADERIA,968,2023-02-08,,2.549999952316284,261.0,665.5500001907349,1
PANADERIA,968,2023-02-09,,2.549999952316284,264.0,673.2000017166138,1
PANADERIA,968,2023-02-10,,2.549999952316284,192.0,489.6000032424927,1
PANADERIA,968,2023-02-11,,2.549999952316284,195.0,497.2500057220459,1
PANADERIA,968,2023-02-12,,2.549999952316284,324.0,826.2000102996826,1
PANADERIA,968,2023-02-13,,2.549999952316284,195.0,497.25000286102295,1
PANADERIA,968,2023-02-14,Día de San Valentín,2.549999952316284,249.0,634.9499945640564,1
PANADERIA,968,2023-02-15,,2.549999952316284,261.0,665.5500054359436,1
PANADERIA,968,2023-02-16,,2.549999952316284,225.0,573.7499976158142,1
PANADERIA,968,2023-02-17,,2.549999952316284,225.0,573.7499980926514,1
PANADERIA,968,2023-02-18,,2.549999952316284,189.0,481.9500026702881,1
PANADERIA,968,2023-02-19,,2.549999952316284,327.0,833.8500080108643,1
PANADERIA,968,2023-02-20,,2.549999952316284,234.0,596.7000017166138,1
PANADERIA,968,2023-02-21,,2.549999952316284,201.0,512.5500063896179,1
PANADERIA,968,2023-02-22,,2.549999952316284,267.0,680.8500075340271,1
PANADERIA,968,2023-02-23,,2.549999952316284,198.0,504.9000005722046,1
PANADERIA,968,2023-02-24,,2.549999952316284,189.0,481.9500060081482,1
PANADERIA,968,2023-02-25,,2.549999952316284,186.0,474.29999923706055,1
PANADERIA,968,2023-02-26,,2.549999952316284,348.0,887.4000086784363,1
PANADERIA,968,2023-02-27,,2.549999952316284,189.0,481.95000648498535,1
PANADERIA,968,2023-02-28,,2.549999952316284,375.0,956.2500114440918,1
PANADERIA,968,2023-03-01,,2.549999952316284,258.0,657.9000101089478,1
PANADERIA,968,2023-03-02,,2.549999952316284,219.0,558.4500041007996,1
PANADERIA,968,2023-03-03,,2.549999952316284,189.0,481.9499988555908,1
PANADERIA,968,2023-03-04,,2.549999952316284,216.0,550.8000078201294,1
PANADERIA,968,2023-03-05,,2.549999952316284,366.0,933.3000001907349,1
PANADERIA,968,2023-03-06,,2.549999952316284,261.0,665.550012588501,1
PANADERIA,968,2023-03-07,,2.549999952316284,234.0,596.7000064849854,1
PANADERIA,968,2023-03-08,,2.549999952316284,213.0,543.1500034332275,1
PANADERIA,968,2023-03-09,,2.549999952316284,210.0,535.499997138977,1
PANADERIA,968,2023-03-10,,2.549999952316284,207.0,527.8500008583069,1
PANADERIA,968,2023-03-11,,2.549999952316284,222.0,566.1000080108643,1
PANADERIA,968,2023-03-12,,2.549999952316284,438.0,1116.9000129699707,1
PANADERIA,968,2023-03-13,,2.549999952316284,180.0,458.99999713897705,1
PANADERIA,968,2023-03-14,,2.549999952316284,189.0,481.9500060081482,1
PANADERIA,968,2023-03-15,,2.549999952316284,192.0,489.6000018119812,1
PANADERIA,968,2023-03-16,,2.549999952316284,216.0,550.8000011444092,1
PANADERIA,968,2023-03-17,,2.549999952316284,189.0,481.9500050544739,1
PANADERIA,968,2023-03-18,,2.549999952316284,192.0,489.60000705718994,1
PANADERIA,968,2023-03-19,Día del Padre,2.549999952316284,402.0,1025.1000175476074,1
PANADERIA,968,2023-03-20,,2.549999952316284,276.0,703.8000001907349,1
PANADERIA,968,2023-03-21,,2.549999952316284,198.0,504.9000072479248,1
PANADERIA,968,2023-03-22,,2.549999952316284,231.0,589.0500059127808,1
PANADERIA,968,2023-03-23,,2.549999952316284,177.0,451.3500051498413,1
PANADERIA,968,2023-03-24,,2.549999952316284,156.0,397.80000257492065,1
PANADERIA,968,2023-03-25,,2.549999952316284,255.0,650.250009059906,1
PANADERIA,968,2023-03-26,,2.549999952316284,297.0,757.350004196167,1
PANADERIA,968,2023-03-27,,2.549999952316284,204.0,520.2000045776367,1
PANADERIA,968,2023-03-28,,2.549999952316284,186.0,474.30000400543213,1
PANADERIA,968,2023-03-29,,2.549999952316284,213.0,543.1499996185303,1
PANADERIA,968,2023-03-30,,2.549999952316284,174.0,443.70000076293945,1
PANADERIA,968,2023-03-31,,2.549999952316284,204.0,520.2000117301941,1
PANADERIA,968,2023-04-01,,2.549999952316284,207.0,527.8499946594238,1
PANADERIA,968,2023-04-02,Domingo de Ramos,2.549999952316284,324.0,826.2000045776367,1
PANADERIA,968,2023-04-03,Lunes Santo,2.549999952316284,195.0,497.2499957084656,1
PANADERIA,968,2023-04-04,Martes Santo,2.549999952316284,192.0,489.60000371932983,1
PANADERIA,968,2023-04-05,Miércoles Santo,2.549999952316284,324.0,826.2000060081482,1
PANADERIA,968,2023-04-06,Jueves Santo,2.549999952316284,330.0,841.4999952316284,1
PANADERIA,968,2023-04-07,Viernes Santo,2.549999952316284,348.0,887.4000134468079,1
PANADERIA,968,2023-04-08,Sábado Santo,2.549999952316284,228.0,581.4000005722046,1
PANADERIA,968,2023-04-09,Domingo de Resurrección,2.549999952316284,381.0,971.550009727478,1
PANADERIA,968,2023-04-10,,2.549999952316284,216.0,550.8000082969666,1
PANADERIA,968,2023-04-11,,2.549999952316284,246.0,627.3000111579895,1
PANADERIA,968,2023-04-12,,2.549999952316284,225.0,573.7500023841858,1
PANADERIA,968,2023-04-13,,2.549999952316284,246.0,627.2999935150146,1
PANADERIA,968,2023-04-14,,2.549999952316284,183.0,466.6500082015991,1
PANADERIA,968,2023-04-15,,2.549999952316284,180.0,459.0000057220459,1
PANADERIA,968,2023-04-16,,2.549999952316284,363.0,925.6499977111816,1
PANADERIA,968,2023-04-17,,2.549999952316284,261.0,665.5500063896179,1
PANADERIA,968,2023-04-18,,2.549999952316284,243.0,619.6500034332275,1
PANADERIA,968,2023-04-19,,2.549999952316284,258.0,657.8999981880188,1
PANADERIA,968,2023-04-20,,2.549999952316284,252.0,642.6000037193298,1
PANADERIA,968,2023-04-21,,2.549999952316284,180.0,459.0000042915344,1
PANADERIA,968,2023-04-22,,2.549999952316284,234.0,596.7000112533569,1
PANADERIA,968,2023-04-23,,2.549999952316284,309.0,787.9500002861023,1
PANADERIA,968,2023-04-24,,2.549999952316284,246.0,627.2999954223633,1
PANADERIA,968,2023-04-25,,2.549999952316284,165.0,420.7500009536743,1
PANADERIA,968,2023-04-26,,2.549999952316284,207.0,527.849995136261,1
PANADERIA,968,2023-04-27,,2.549999952316284,243.0,619.649998664856,1
PANADERIA,968,2023-04-28,,2.549999952316284,225.0,573.7500033378601,1
PANADERIA,968,2023-04-29,,2.549999952316284,234.0,596.7000045776367,1
PANADERIA,968,2023-04-30,,2.549999952316284,360.0,918.0000109672546,1
PANADERIA,968,2023-05-01,,2.549999952316284,435.0,1109.2500095367432,1
PANADERIA,968,2023-05-02,,2.549999952316284,279.0,711.450008392334,1
PANADERIA,968,2023-05-03,Día de la Cruz,2.549999952316284,258.0,657.9000043869019,1
PANADERIA,968,2023-05-04,,2.549999952316284,228.0,581.4000020027161,1
PANADERIA,968,2023-05-05,,2.549999952316284,198.0,504.8999996185303,1
PANADERIA,968,2023-05-06,,2.549999952316284,225.0,573.7500052452087,1
PANADERIA,968,2023-05-07,Día de la Madre,2.549999952316284,348.0,887.3999938964844,1
PANADERIA,968,2023-05-08,,2.549999952316284,276.0,703.8000068664551,1
PANADERIA,968,2023-05-09,,2.549999952316284,210.0,535.500002861023,1
PANADERIA,968,2023-05-10,,2.549999952316284,192.0,489.60000371932983,1
PANADERIA,968,2023-05-11,,2.549999952316284,144.0,367.2000012397766,1
PANADERIA,968,2023-05-12,,2.549999952316284,198.0,504.9000053405762,1
PANADERIA,968,2023-05-13,,2.549999952316284,321.0,818.5499987602234,1
PANADERIA,968,2023-05-14,,2.549999952316284,348.0,887.400004863739,1
PANADERIA,968,2023-05-15,,2.549999952316284,240.0,612.000011920929,1
PANADERIA,968,2023-05-16,,2.549999952316284,249.0,634.9500017166138,1
PANADERIA,968,2023-05-17,,2.549999952316284,273.0,696.1499991416931,1
PANADERIA,968,2023-05-18,,2.549999952316284,201.0,512.5500001907349,1
